"","coach_name","tournament_name","roster.name","naf_id","ranking","best_ranking","X","Naf.nick","Coach.rating","Alltime.high","Year.high","Country","Naf.games.played","Win.procent","order","division"
"1","Jokaero","Super League S6 EU Championship A","Dwarf",2785,257.49,257.49,NA,"Jokaero",299.62,313.06,302.79,"Switzerland","649 (381/154/114)",70.57,101,"00 – EU Championship"
"2","helborg","Super League S6 EU Championship A","High Elf",22470,221.07,259.36,NA,"Helborg",258.54,319.22,275.74,"France","508 (283/124/101)",67.91,101,"00 – EU Championship"
"3","doclystria","Super League S6 EU Championship A","Necromantic Horror",2808,208.34,233.18,NA,"Miko",248.09,286.2,278.99,"Germany","395 (219/89/87)",66.71,101,"00 – EU Championship"
"4","Stimme","Super League S6 EU Championship A","Human",17245,180.87,247.33,NA,"Stimme",240.48,285.31,285.31,"Germany","785 (444/192/149)",68.79,101,"00 – EU Championship"
"5","fabienL","Super League S6 EU Championship A","Chaos Renegade",33562,178.41,185.08,NA,"FabienL",230.28,254.63,254.63,"France","64 (38/15/11)",71.09,101,"00 – EU Championship"
"6","Hovring","Super League S6 EU Championship A","Orc",34738,178.22,254.04,NA,"hovring",285.7,297,297,"Denmark","89 (54/26/9)",75.28,101,"00 – EU Championship"
"7","Endrophil","Super League S6 EU Championship A","Goblin",19682,174.06,196,NA,"Endro",221.29,237.82,0,"Germany","180 (90/36/54)",60,101,"00 – EU Championship"
"8","Junior84","Super League S6 EU Championship A","Dwarf",20857,165.45,259.21,NA,"Junior84",270.03,288.62,285.11,"Germany","489 (268/136/85)",68.71,101,"00 – EU Championship"
"9","KFoged","Super League S6 EU Championship B","Slann",10691,240.04,278.05,NA,"KFoged",247.99,291.02,277.64,"England","776 (464/159/153)",70.04,102,"00 – EU Championship"
"10","geggster","Super League S6 EU Championship B","Dwarf",70,223.8,240.69,NA,"Geggster",268.37,283.6,283.6,"England","1166 (642/279/245)",67.02,102,"00 – EU Championship"
"11","silkoun","Super League S6 EU Championship B","Wood Elf",14616,222.68,222.68,NA,"silkoun",237.54,283.03,256.92,"France","395 (209/103/83)",65.95,102,"00 – EU Championship"
"12","Tripleskull","Super League S6 EU Championship B","Amazon",9524,198.77,220.04,NA,"Tripleskull",273.11,273.11,273.11,"Denmark","443 (246/110/87)",67.95,102,"00 – EU Championship"
"13","Tschirgant","Super League S6 EU Championship B","Necromantic Horror",32633,179.77,238.75,NA,"Tschirgant",284.52,290.72,290.72,"Germany","242 (147/64/31)",73.97,102,"00 – EU Championship"
"14","Zelmor","Super League S6 EU Championship B","Dwarf",35956,NA,148.07,NA,"Zelmor",149.08,154.67,0,"Netherlands","18 (6/5/7)",47.22,102,"00 – EU Championship"
"15","LargoFL","Super League S6 EU Championship B","Dwarf",28291,NA,208.28,NA,"LargoFL",212.18,246.33,221.2,"Germany","127 (64/31/32)",62.6,102,"00 – EU Championship"
"16","SideshowBob","Super League S6 EU Championship B","Halfling",30799,NA,168.54,NA,"sideshowbob",170.96,174.83,174.83,"Sweden","6 (3/2/1)",66.67,102,"00 – EU Championship"
"17","olivierdulac","Super League S6 EU Div 1A","Skaven",18901,288.43,288.43,NA,"Olivierdulac",305.48,331.11,0,"France","502 (320/81/101)",71.81,201,"01 – EU Div 1"
"18","freud","Super League S6 EU Div 1A","Lizardmen",13280,224.88,224.88,NA,"Freud",227.4,258.74,257.84,"Italy","462 (209/116/137)",57.79,201,"01 – EU Div 1"
"19","Budmilka","Super League S6 EU Div 1A","Dwarf",20320,181.69,211.82,NA,"Budmilka",221.13,242.23,225.29,"France","604 (255/157/192)",55.22,201,"01 – EU Div 1"
"20","Solaris","Super League S6 EU Div 1A","Vampire",22731,165.18,174.62,NA,"Solaris_7",206.23,211.81,211.81,"Germany","45 (21/15/9)",63.33,201,"01 – EU Div 1"
"21","Jelmer","Super League S6 EU Div 1A","Human",129,160.37,216.09,NA,"jelmer",212.07,261.05,216.21,"Netherlands","779 (370/171/238)",58.47,201,"01 – EU Div 1"
"22","Hugo21_","Super League S6 EU Div 1A","Shambling Undead",33563,159.92,165.54,NA,"Hugo21",195.98,202.37,202.37,"France","67 (27/18/22)",53.73,201,"01 – EU Div 1"
"23","spelledaren","Super League S6 EU Div 1A","Snotling",34660,NA,190.24,NA,"spelledaren",233.91,233.91,233.91,"Sweden","44 (23/14/7)",68.18,201,"01 – EU Div 1"
"24","happygrue","Super League S6 EU Div 1A","Vampire",16876,NA,199.4,NA,"happygrue",210.36,211.43,210.36,"United States of America","21 (15/4/2)",80.95,201,"01 – EU Div 1"
"25","Fol","Super League S6 EU Div 1B","Shambling Undead",21766,224.78,224.78,NA,"Fol",222.44,264.86,237.2,"Spain","327 (144/90/93)",57.8,202,"01 – EU Div 1"
"26","JLeav","Super League S6 EU Div 1B","Vampire",33751,222.56,222.56,NA,"jleav",278.56,290.73,290.73,"United States of America","183 (130/32/21)",79.78,202,"01 – EU Div 1"
"27","Leonek","Super League S6 EU Div 1B","Amazon",22375,208.63,208.63,NA,"Leonek",217.41,272.05,262.79,"Poland","253 (136/56/61)",64.82,202,"01 – EU Div 1"
"28","Jayward","Super League S6 EU Div 1B","Orc",28662,205.12,205.12,NA,"jayward",231.74,256.56,255.27,"Wales","128 (68/35/25)",66.8,202,"01 – EU Div 1"
"29","Yuri_the_Scourge","Super League S6 EU Div 1B","Amazon",25299,180.2,217.45,NA,"Yuri_the_Scourge",223.03,241.76,228.12,"Netherlands","229 (116/54/59)",62.45,202,"01 – EU Div 1"
"30","dragou","Super League S6 EU Div 1B","Shambling Undead",32757,176.12,207.92,NA,"Dragou",240.96,268.29,268.29,"Belgium","79 (49/21/9)",75.32,202,"01 – EU Div 1"
"31","Lewdgrip","Super League S6 EU Div 1B","Old World Alliance",21163,139.1,199.6,NA,"lewdgrip",214.79,228.81,219.86,"Austria","122 (64/21/37)",61.07,202,"01 – EU Div 1"
"32","cymob","Super League S6 EU Div 1B","Tomb Kings",29533,NA,205.74,NA,"cymob",249.44,254.97,253.1,"Norway","103 (50/25/28)",60.68,202,"01 – EU Div 1"
"33","prodigal_son","Super League S6 EU Div 1C","Necromantic Horror",27369,215.72,215.72,NA,"prodigal_son",236.78,242.53,242.53,"Finland","96 (43/32/21)",61.46,203,"01 – EU Div 1"
"34","Beltroniko","Super League S6 EU Div 1C","Vampire",36563,195.01,205.31,NA,"Beltroniko",236.72,240.15,240.15,"Portugal","69 (45/11/13)",73.19,203,"01 – EU Div 1"
"35","DrHellboy_","Super League S6 EU Div 1C","Lizardmen",26611,193.62,193.62,NA,"DrHellboy_",207.95,239.24,217.47,"Wales","192 (86/55/51)",59.11,203,"01 – EU Div 1"
"36","Tuga","Super League S6 EU Div 1C","Orc",24918,193.28,205.64,NA,"MarcosGrande",230,239.55,239.55,"Portugal","88 (40/26/22)",60.23,203,"01 – EU Div 1"
"37","Candlejack","Super League S6 EU Div 1C","Shambling Undead",5844,191.39,215.21,NA,"Candlejack",240.51,275.32,240.51,"Germany","829 (439/150/240)",62,203,"01 – EU Div 1"
"38","HRNSUP","Super League S6 EU Div 1C","Vampire",22063,176.72,202.14,NA,"horns_up",224.01,238.77,231.22,"United States of America","196 (102/42/52)",62.76,203,"01 – EU Div 1"
"39","LemonheadWallenstein","Super League S6 EU Div 1C","Norse",22662,168.53,170.29,NA,"Lemonhead_Wallenstein",180.59,200.72,183.69,"Tonga","119 (44/34/41)",51.26,203,"01 – EU Div 1"
"40","jonno","Super League S6 EU Div 1C","Elven Union",20251,NA,195.64,NA,"Jonno",223.39,229.5,229.5,"Denmark","243 (89/66/88)",50.21,203,"01 – EU Div 1"
"41","Grzechu","Super League S6 EU Div 1D","Wood Elf",30403,243.51,243.51,NA,"Grzechu",267.7,267.7,267.7,"Poland","162 (84/49/29)",66.98,204,"01 – EU Div 1"
"42","Valen","Super League S6 EU Div 1D","Dwarf",1538,202.18,207.31,NA,"Valen",228.05,257.73,257.73,"Scotland","650 (337/118/195)",60.92,204,"01 – EU Div 1"
"43","HenningEksteen","Super League S6 EU Div 1D","Orc",33351,200.65,200.65,NA,"henningeksteen",244.8,254.14,254.14,"Netherlands","150 (75/40/35)",63.33,204,"01 – EU Div 1"
"44","Bazakastine","Super League S6 EU Div 1D","Amazon",29474,178.83,198.3,NA,"bazakastine",254.13,273.4,257.69,"United States of America","106 (71/20/15)",76.42,204,"01 – EU Div 1"
"45","MacHurto","Super League S6 EU Div 1D","Vampire",24314,161.96,196.32,NA,"machurto",202.94,243.94,243.94,"Denmark","144 (67/40/37)",60.42,204,"01 – EU Div 1"
"46","rodvil","Super League S6 EU Div 1D","Underworld Denizens",24496,156.9,176.88,NA,"rodvil",185.98,205.86,198.06,"Portugal","151 (56/43/52)",51.32,204,"01 – EU Div 1"
"47","Sharkrudi","Super League S6 EU Div 1D","Lizardmen",16542,136.41,165.36,NA,"sharkrudi",166.24,166.24,0,"France","42 (13/13/16)",46.43,204,"01 – EU Div 1"
"48","Al_Daz","Super League S6 EU Div 1D","Elven Union",32763,NA,190.09,NA,"Al_Daz",199.57,223.92,199.57,"France","113 (44/30/39)",52.21,204,"01 – EU Div 1"
"49","seanh1986","Super League S6 EU Div 2A","Amazon",23461,211.29,215.79,NA,"seanh1986",237.13,276.77,239.8,"Canada","345 (192/83/70)",67.68,301,"02 – EU Div 2"
"50","cyg-Obsidian","Super League S6 EU Div 2A","Vampire",21201,184.63,230.37,NA,"obsidian",222.72,279,257.84,"France","442 (220/113/109)",62.56,301,"02 – EU Div 2"
"51","Bingoman","Super League S6 EU Div 2A","Necromantic Horror",29666,176.76,176.76,NA,"Bingoman",186.17,200.33,199.41,"Germany","90 (35/16/39)",47.78,301,"02 – EU Div 2"
"52","ClayInfinity","Super League S6 EU Div 2A","Old World Alliance",8442,146.25,197.94,NA,"ClayInfinity",195.89,241.2,203.7,"Australia","207 (101/48/58)",60.39,301,"02 – EU Div 2"
"53","cdassak","Super League S6 EU Div 2A","Old World Alliance",26050,NA,205.78,NA,"cdassak",237.85,245.64,238.05,"Greece","94 (57/26/11)",74.47,301,"02 – EU Div 2"
"54","Rubick","Super League S6 EU Div 2A","Chaos Renegade",17243,NA,210.41,NA,"Rubick",220.02,245.71,245.71,"Wales","531 (256/128/147)",60.26,301,"02 – EU Div 2"
"55","Hal976","Super League S6 EU Div 2A","High Elf",33257,NA,147.61,NA,"hal976",130.41,146.6,0,"Italy","12 (0/5/7)",20.83,301,"02 – EU Div 2"
"56","uncertain","Super League S6 EU Div 2A","Elven Union",13715,NA,204.21,NA,"Narok",223.52,239.67,236.75,"Germany","280 (130/69/81)",58.75,301,"02 – EU Div 2"
"57","speedingbullet","Super League S6 EU Div 2B","Wood Elf",16845,206.38,206.38,NA,"speedingbullet",216.59,246.46,228.18,"England","264 (135/62/67)",62.88,302,"02 – EU Div 2"
"58","Bojo","Super League S6 EU Div 2B","Tomb Kings",7539,160.89,219.07,NA,"Lord_Bojo",221.16,248.43,222.54,"Guadeloupe","702 (319/187/196)",58.76,302,"02 – EU Div 2"
"59","Dodge22","Super League S6 EU Div 2B","Orc",32391,160.03,189.15,NA,"dodge22",211.41,222.62,222.62,"England","194 (90/48/56)",58.76,302,"02 – EU Div 2"
"60","Rhag","Super League S6 EU Div 2B","Dark Elf",34689,157.55,180.8,NA,"Rhag",191.64,191.64,191.64,"Finland","73 (26/22/25)",50.68,302,"02 – EU Div 2"
"61","Thernlow","Super League S6 EU Div 2B","High Elf",25614,153.73,161.65,NA,"Thernlow",182.35,199.77,185.31,"Norway","117 (43/37/37)",52.56,302,"02 – EU Div 2"
"62","Topas","Super League S6 EU Div 2B","Chaos Chosen",22100,146.45,205.71,NA,"topas",221.11,229.76,221.11,"Germany","286 (132/76/78)",59.44,302,"02 – EU Div 2"
"63","outcaarst","Super League S6 EU Div 2B","High Elf",15546,144.69,190.64,NA,"outcaarst",186.51,213.16,209.12,"Austria","196 (85/41/70)",53.83,302,"02 – EU Div 2"
"64","chaoskopp","Super League S6 EU Div 2B","Vampire",NA,NA,NA,NA,NA,NA,NA,NA,NA,NA,NA,302,"02 – EU Div 2"
"65","Tonalt","Super League S6 EU Div 2C","Amazon",7503,236.6,236.6,NA,"Tonalt",255.07,258.98,255.07,"Finland","228 (113/74/41)",65.79,303,"02 – EU Div 2"
"66","ratogre","Super League S6 EU Div 2C","Shambling Undead",22007,213,213,NA,"RatOgre",217.68,236.85,230.44,"Finland","296 (126/85/85)",56.93,303,"02 – EU Div 2"
"67","GreenskinPhil","Super League S6 EU Div 2C","Slann",31674,197.52,197.52,NA,"greenskinphil",240.11,252.55,252.55,"England","339 (150/105/84)",59.73,303,"02 – EU Div 2"
"68","Bashto","Super League S6 EU Div 2C","Amazon",32021,173.71,229.91,NA,"Bashto",249.98,271.88,271.88,"England","156 (79/39/38)",63.14,303,"02 – EU Div 2"
"69","Jblackmane","Super League S6 EU Div 2C","Orc",31370,161.98,174.03,NA,"jblackmane",156.8,203.65,201.38,"Netherlands","103 (40/25/38)",50.97,303,"02 – EU Div 2"
"70","bjarnefar","Super League S6 EU Div 2C","Orc",30624,157.17,168.09,NA,"bjarnefar",190.86,190.86,190.86,"Denmark","51 (24/10/17)",56.86,303,"02 – EU Div 2"
"71","paperbag4","Super League S6 EU Div 2C","Dwarf",17898,149.26,167.34,NA,"paperbag4",191.67,200.25,198.38,"United States of America","69 (31/8/30)",50.72,303,"02 – EU Div 2"
"72","Nime_l_Ancien","Super League S6 EU Div 2C","Elven Union",17768,NA,212.75,NA,"Nîme_l_Ancien",246.05,256.05,250.32,"France","205 (97/51/57)",59.76,303,"02 – EU Div 2"
"73","yudlugar","Super League S6 EU Div 2D","Goblin",28903,210.61,210.61,NA,"Yudlugar",237.89,241.24,241.24,"England","193 (92/54/47)",61.66,304,"02 – EU Div 2"
"74","Mind_Locker","Super League S6 EU Div 2D","Necromantic Horror",29192,194.52,194.52,NA,"Mind_Locker",211.47,214.78,214.78,"Greece","85 (36/28/21)",58.82,304,"02 – EU Div 2"
"75","Sandune","Super League S6 EU Div 2D","Orc",15142,190.3,220.46,NA,"Sandune",257.19,275,261.63,"New Zealand","274 (161/67/46)",70.99,304,"02 – EU Div 2"
"76","dragonborn","Super League S6 EU Div 2D","Amazon",22580,183.36,183.36,NA,"dragonborn",220.45,224.62,221.3,"England","118 (50/33/35)",56.36,304,"02 – EU Div 2"
"77","Edwin","Super League S6 EU Div 2D","Human",25301,174.7,199.99,NA,"Edwin",229.85,252.96,239.23,"Netherlands","286 (137/68/81)",59.79,304,"02 – EU Div 2"
"78","Schwifty","Super League S6 EU Div 2D","Skaven",2714,136.47,196.24,NA,"Schwifty",230.89,254.6,243.17,"Netherlands","716 (312/140/264)",53.35,304,"02 – EU Div 2"
"79","Farandole","Super League S6 EU Div 2D","Tomb Kings",33363,NA,206.59,NA,"half",223.48,237.89,237.89,"France","80 (46/14/20)",66.25,304,"02 – EU Div 2"
"80","Christian","Super League S6 EU Div 2D","Elven Union",16955,NA,199.56,NA,"Christian",212.52,218.4,216.72,"Denmark","117 (49/36/32)",57.26,304,"02 – EU Div 2"
"81","Oventa","Super League S6 EU Div 3A","Dwarf",9610,212.14,212.14,NA,"Oventa",251.58,258.17,258.17,"Germany","435 (222/105/108)",63.1,401,"03 – EU Div 3"
"82","AmazingGaze","Super League S6 EU Div 3A","Vampire",32634,201.08,201.08,NA,"AmazingGaze",234.6,236.26,236.26,"Germany","67 (33/18/16)",62.69,401,"03 – EU Div 3"
"83","Jopotzuki","Super League S6 EU Div 3A","Vampire",20783,169.01,180.55,NA,"jopotzuki",171.58,214.97,211.94,"Finland","354 (138/87/129)",51.27,401,"03 – EU Div 3"
"84","pedro_fgomes","Super League S6 EU Div 3A","Orc",26033,155.48,179.16,NA,"karnuss",168.79,205.99,179,"Portugal","154 (64/38/52)",53.9,401,"03 – EU Div 3"
"85","Padster61","Super League S6 EU Div 3A","Nurgle",26810,138.99,173,NA,"Padster",159.97,192.56,184.7,"North Ireland","397 (126/122/149)",47.1,401,"03 – EU Div 3"
"86","Coewolf","Super League S6 EU Div 3A","Elven Union",23332,NA,183.81,NA,"coewolf",174.27,221.54,181.72,"Czech Republic","234 (87/57/90)",49.36,401,"03 – EU Div 3"
"87","Widram","Super League S6 EU Div 3A","Gnome",26904,NA,167.79,NA,"Widram",124.48,195.84,131.13,"Wales","150 (46/36/68)",42.67,401,"03 – EU Div 3"
"88","Doc_Grotznik","Super League S6 EU Div 3A","Imperial Nobility",9659,NA,178.26,NA,"Doc_Grotznik",169.49,210.08,0,"France","231 (77/49/105)",43.94,401,"03 – EU Div 3"
"89","Bignaites","Super League S6 EU Div 3B","Necromantic Horror",31447,180.64,205.34,NA,"PedroR",251.47,260.77,260.77,"Portugal","101 (56/23/22)",66.83,402,"03 – EU Div 3"
"90","raiksnn","Super League S6 EU Div 3B","Shambling Undead",30774,169.48,169.48,NA,"raiksnn",158.91,164.16,163.37,"Germany","35 (12/8/15)",45.71,402,"03 – EU Div 3"
"91","Professeur","Super League S6 EU Div 3B","Dark Elf",32210,154.44,165.01,NA,"professeur",176.75,193.6,193.08,"France","222 (65/62/95)",43.24,402,"03 – EU Div 3"
"92","MONGOR79","Super League S6 EU Div 3B","Orc",25820,142.98,142.98,NA,"MONGOR",153.27,172.4,0,"Greece","50 (16/11/23)",43,402,"03 – EU Div 3"
"93","MerryZ","Super League S6 EU Div 3B","Old World Alliance",NA,NA,NA,NA,NA,NA,NA,NA,NA,NA,NA,402,"03 – EU Div 3"
"94","Xialth","Super League S6 EU Div 3B","Necromantic Horror",NA,NA,NA,NA,NA,NA,NA,NA,NA,NA,NA,402,"03 – EU Div 3"
"95","Rijssiej","Super League S6 EU Div 3B","Shambling Undead",NA,NA,NA,NA,NA,NA,NA,NA,NA,NA,NA,402,"03 – EU Div 3"
"96","Palmu","Super League S6 EU Div 3B","Elven Union",31978,NA,162.65,NA,"palmu",177.25,177.25,177.25,"Finland","34 (16/8/10)",58.82,402,"03 – EU Div 3"
"97","Arioso","Super League S6 EU Div 3C","Amazon",18378,218.64,218.64,NA,"arioso",225.73,279.17,252.88,"Germany","849 (415/226/208)",62.19,403,"03 – EU Div 3"
"98","PurpleChest","Super League S6 EU Div 3C","Dark Elf",24645,209.17,216.66,NA,"PurpleChest",258.46,284.19,277.99,"England","208 (120/58/30)",71.63,403,"03 – EU Div 3"
"99","PeteW","Super League S6 EU Div 3C","Necromantic Horror",7769,183.98,246.02,NA,"PeteW",267.05,312.54,282.64,"England","382 (231/79/72)",70.81,403,"03 – EU Div 3"
"100","xtapodias","Super League S6 EU Div 3C","Shambling Undead",28002,169.95,170.86,NA,"xtapodias",195.73,198.89,198.67,"Greece","86 (33/28/25)",54.65,403,"03 – EU Div 3"
"101","Fatzke","Super League S6 EU Div 3C","Skaven",26463,137.04,142.34,NA,"fatzke423",139.69,151.21,142.73,"Germany","39 (11/8/20)",38.46,403,"03 – EU Div 3"
"102","historic","Super League S6 EU Div 3C","Dark Elf",22667,NA,190.42,NA,"Historic",202.3,252.98,205.42,"France","186 (90/39/57)",58.87,403,"03 – EU Div 3"
"103","Boneripper","Super League S6 EU Div 3C","Wood Elf",33612,NA,144.35,NA,"BoneRipper",107.05,145.5,122.06,"Malta","93 (23/12/58)",31.18,403,"03 – EU Div 3"
"104","Maveho","Super League S6 EU Div 3C","Necromantic Horror",NA,NA,NA,NA,NA,NA,NA,NA,NA,NA,NA,403,"03 – EU Div 3"
"105","realmalteser2","Super League S6 EU Div 3D","Tomb Kings",21409,189.62,189.62,NA,"RealMalteser",207.84,230.07,228.96,"Malta","401 (189/99/113)",59.48,404,"03 – EU Div 3"
"106","Raztout","Super League S6 EU Div 3D","Dark Elf",16824,188.64,239.05,NA,"Raztout",235.57,289.64,250.27,"France","437 (208/124/105)",61.78,404,"03 – EU Div 3"
"107","Supa","Super League S6 EU Div 3D","Necromantic Horror",28354,161.24,168.89,NA,"supa",189.55,189.55,189.55,"Finland","30 (17/8/5)",70,404,"03 – EU Div 3"
"108","Ion","Super League S6 EU Div 3D","Skaven",30099,154.49,164.27,NA,"ion",172.56,199.88,199.88,"Malta","214 (70/69/75)",48.83,404,"03 – EU Div 3"
"109","Akorus","Super League S6 EU Div 3D","Vampire",29907,153.14,164.57,NA,"akorus",177.63,182.96,182.96,"Germany","54 (20/15/19)",50.93,404,"03 – EU Div 3"
"110","fienoss","Super League S6 EU Div 3D","Amazon",29892,150.54,169.86,NA,"fienoss",182.02,209.77,182.5,"Greece","96 (34/37/25)",54.69,404,"03 – EU Div 3"
"111","Dynamix","Super League S6 EU Div 3D","Dark Elf",NA,NA,NA,NA,NA,NA,NA,NA,NA,NA,NA,404,"03 – EU Div 3"
"112","Wynters_Dad","Super League S6 EU Div 3D","Chaos Dwarf",30943,NA,159.53,NA,"Wynters_Dad",163.71,171.08,171.08,"England","74 (22/18/34)",41.89,404,"03 – EU Div 3"
"113","siggi","Super League S6 EU Premier League","Orc",25971,237.33,251.1,NA,"siggi",239.31,302.12,268.38,"Switzerland","475 (288/96/91)",70.74,0,"0- EU Premier League"
"114","Purplegoo","Super League S6 EU Premier League","Shambling Undead",11777,217.81,272.75,NA,"Purplegoo",269.82,292.05,277.91,"England","1104 (633/274/197)",69.75,0,"0- EU Premier League"
"115","Thot","Super League S6 EU Premier League","Shambling Undead",19526,208.97,209.57,NA,"Thot",250.88,267.98,253.28,"France","474 (269/97/108)",66.98,0,"0- EU Premier League"
"116","Baki","Super League S6 EU Premier League","Chaos Chosen",19064,191.77,237.9,NA,"Baki",273.14,279.69,279.69,"Germany","291 (162/70/59)",67.7,0,"0- EU Premier League"
"117","Strider84","Super League S6 EU Premier League","Human",14113,183.38,258.36,NA,"strider84",260.02,268.14,261.25,"Switzerland","273 (150/63/60)",66.48,0,"0- EU Premier League"
"118","straume","Super League S6 EU Premier League","Chaos Renegade",20685,175.96,247.22,NA,"Straume",256.62,299.1,293.48,"Norway","446 (241/135/70)",69.17,0,"0- EU Premier League"
"119","JB","Super League S6 EU Premier League","Dwarf",28280,173.38,216.04,NA,"jb",246.77,270.63,261.79,"Ladonia","161 (90/41/30)",68.63,0,"0- EU Premier League"
"120","Grumplekins","Super League S6 EU Premier League","Shambling Undead",26358,163.37,210.9,NA,"grumplekins",209.18,240.63,219.61,"Sweden","278 (115/84/79)",56.47,0,"0- EU Premier League"
"121","joeseph","Super League S6 EU Swiss A","Necromantic Horror",38195,220.11,220.11,NA,"joeseph",271.75,271.75,271.75,"Wales","133 (72/38/23)",68.42,501,"04 – EU Swiss"
"122","camelchops","Super League S6 EU Swiss A","Skaven",32575,214.04,214.04,NA,"camelchops",245.1,266.45,266.45,"Scotland","136 (73/39/24)",68.01,501,"04 – EU Swiss"
"123","rayhell","Super League S6 EU Swiss A","Vampire",30281,213.6,213.6,NA,"rayhell",248.26,256,256,"Poland","188 (97/44/47)",63.3,501,"04 – EU Swiss"
"124","beastquest","Super League S6 EU Swiss A","Lizardmen",27095,212.75,212.75,NA,"NightSword",225.03,242.95,237.23,"Malta","273 (107/78/88)",53.48,501,"04 – EU Swiss"
"125","nonumber","Super League S6 EU Swiss A","Shambling Undead",8923,209.49,217.43,NA,"Nonumber",222.41,260.43,248.3,"Wales","612 (262/150/200)",55.07,501,"04 – EU Swiss"
"126","Rone13169","Super League S6 EU Swiss A","Amazon",24110,204.46,204.46,NA,"rone",229.71,247.44,229.71,"Malta","276 (132/59/85)",58.51,501,"04 – EU Swiss"
"127","mepmuff_2","Super League S6 EU Swiss A","Norse",6123,201.72,201.72,NA,"Mepmuff",214.72,234.32,228.86,"Netherlands","533 (237/123/173)",56,501,"04 – EU Swiss"
"128","Wolter","Super League S6 EU Swiss A","Chaos Chosen",29078,199.27,199.55,NA,"Wolter",242.41,244.18,244.18,"Denmark","206 (92/51/63)",57.04,501,"04 – EU Swiss"
"129","Monitor4321","Super League S6 EU Swiss A","Old World Alliance",33726,195.74,230.56,NA,"monitor",261.63,270.51,270.51,"France","177 (98/49/30)",69.21,501,"04 – EU Swiss"
"130","2Gutta","Super League S6 EU Swiss A","Tomb Kings",24787,185.3,185.3,NA,"2GUTTA",195.59,199.23,199.23,"Poland","57 (24/16/17)",56.14,501,"04 – EU Swiss"
"131","ABF","Super League S6 EU Swiss A","Khorne",32674,179.75,179.75,NA,"abf",167.85,182.76,182.76,"Colombia","65 (27/16/22)",53.85,501,"04 – EU Swiss"
"132","Ironbreaker","Super League S6 EU Swiss A","Shambling Undead",25312,176.26,199.03,NA,"ironbreaker",190.53,226.09,205.09,"Portugal","169 (82/39/48)",60.06,501,"04 – EU Swiss"
"133","starnovi","Super League S6 EU Swiss A","Norse",31896,174.03,174.03,NA,"Novi",181.03,197.42,189.96,"Slovenia","78 (35/18/25)",56.41,501,"04 – EU Swiss"
"134","Shriyke","Super League S6 EU Swiss A","Skaven",30033,169.78,210.98,NA,"shriyke",232.68,236.45,236.45,"Scotland","191 (91/46/54)",59.69,501,"04 – EU Swiss"
"135","SteelyKnife","Super League S6 EU Swiss A","Shambling Undead",17473,169.66,169.66,NA,"SteelyKnife",206.79,211.17,211.17,"Denmark","161 (57/42/62)",48.45,501,"04 – EU Swiss"
"136","Bugrum","Super League S6 EU Swiss A","Skaven",21410,163.16,215.88,NA,"Janninu",252.98,271.54,271.54,"Malta","585 (294/146/145)",62.74,501,"04 – EU Swiss"
"137","MarkyMarc","Super League S6 EU Swiss A","Slann",25254,161.35,217.76,NA,"Markymarc",201.01,261.48,243.3,"Scotland","289 (151/66/72)",63.67,501,"04 – EU Swiss"
"138","Crowdog09","Super League S6 EU Swiss A","Vampire",25747,160.83,177.57,NA,"crowdog09",198.42,221.18,206.18,"Ireland","78 (37/21/20)",60.9,501,"04 – EU Swiss"
"139","Rib-Goaty","Super League S6 EU Swiss A","Old World Alliance",40225,160.39,160.39,NA,"Rib-Goaty",165.16,167.01,167.01,"Portugal","15 (7/3/5)",56.67,501,"04 – EU Swiss"
"140","Purdindas","Super League S6 EU Swiss A","High Elf",10831,159.05,188.3,NA,"Purdindas",207.45,229.1,229.1,"Scotland","628 (257/153/218)",53.11,501,"04 – EU Swiss"
"141","Faskill","Super League S6 EU Swiss A","Necromantic Horror",39913,156.61,173.58,NA,"faskill",191.81,194.65,194.65,"France","22 (11/6/5)",63.64,501,"04 – EU Swiss"
"142","Piogele","Super League S6 EU Swiss A","Dwarf",27730,155.33,181.95,NA,"piogele",189.03,227.77,195.24,"Switzerland","75 (34/12/29)",53.33,501,"04 – EU Swiss"
"143","tripio","Super League S6 EU Swiss A","Wood Elf",39874,155.16,160.2,NA,"vlad-khrychov",164.9,165.35,165.35,"Ukraine","8 (4/4/0)",75,501,"04 – EU Swiss"
"144","DrClaes","Super League S6 EU Swiss A","Snotling",29945,154.78,154.78,NA,"drclaes",157.76,161.91,161.91,"On a deserted island","22 (7/2/13)",36.36,501,"04 – EU Swiss"
"145","docminiature","Super League S6 EU Swiss A","Shambling Undead",30923,154.35,160.83,NA,"docminiature",163.37,182.49,163.42,"England","165 (62/36/67)",48.48,501,"04 – EU Swiss"
"146","WiIfred","Super League S6 EU Swiss A","Shambling Undead",29172,154.28,187.01,NA,"Bjarke",206.34,224.46,221.13,"Denmark","88 (43/21/24)",60.8,501,"04 – EU Swiss"
"147","YangZubr","Super League S6 EU Swiss A","Orc",38993,153.32,153.32,NA,"yangzubr",153.62,157.2,157.2,"Ukraine","8 (3/3/2)",56.25,501,"04 – EU Swiss"
"148","DoubleEdge","Super League S6 EU Swiss A","Amazon",26575,151.24,156.98,NA,"Orca",165.01,178.76,178.76,"Malta","207 (69/49/89)",45.17,501,"04 – EU Swiss"
"149","FL0","Super League S6 EU Swiss A","Khorne",30447,145.35,145.35,NA,"FL0",156.3,163.32,163.32,"France","94 (26/24/44)",40.43,501,"04 – EU Swiss"
"150","tyler_swaft","Super League S6 EU Swiss A","Wood Elf",33323,141.04,218.42,NA,"Tyler_swaft",196.09,234.26,233.97,"England","107 (50/31/26)",61.21,501,"04 – EU Swiss"
"151","razmus","Super League S6 EU Swiss A","Elven Union",24325,NA,154.15,NA,"razmus",157.46,161.83,161.67,"United States of America","29 (12/4/13)",48.28,501,"04 – EU Swiss"
"152","Evomot","Super League S6 EU Swiss A","Orc",NA,NA,NA,NA,NA,NA,NA,NA,NA,NA,NA,501,"04 – EU Swiss"
"153","jvidix","Super League S6 EU Swiss A","Dark Elf",NA,NA,NA,NA,NA,NA,NA,NA,NA,NA,NA,501,"04 – EU Swiss"
"154","MurkyWater","Super League S6 EU Swiss A","Necromantic Horror",NA,NA,NA,NA,NA,NA,NA,NA,NA,NA,NA,501,"04 – EU Swiss"
"155","giorngiovanna","Super League S6 EU Swiss A","Amazon",NA,NA,NA,NA,NA,NA,NA,NA,NA,NA,NA,501,"04 – EU Swiss"
"156","gsverhoeven","Super League S6 EU Swiss A","Amazon",29736,NA,157.49,NA,"gsverhoeven",126.95,151.34,126.95,"Netherlands","87 (21/21/45)",36.21,501,"04 – EU Swiss"
"157","cornishwoon","Super League S6 EU Swiss A","Vampire",NA,NA,NA,NA,NA,NA,NA,NA,NA,NA,NA,501,"04 – EU Swiss"
"158","M1le","Super League S6 EU Swiss A","Skaven",NA,NA,NA,NA,NA,NA,NA,NA,NA,NA,NA,501,"04 – EU Swiss"
"159","bicycleboywill","Super League S6 EU Swiss A","Shambling Undead",31685,NA,169.35,NA,"BBWill",157.28,175.33,175.33,"England","45 (12/14/19)",42.22,501,"04 – EU Swiss"
"160","TheArtemisBlack","Super League S6 EU Swiss A","Dwarf",27588,NA,NA,NA,NA,NA,NA,NA,NA,NA,NA,501,"04 – EU Swiss"
"161","thulean","Super League S6 EU Swiss B","Amazon",28239,221.55,221.55,NA,"thulean",261.38,292.25,292.25,"England","259 (148/47/64)",66.22,9999,"04 – EU Swiss"
"162","sann0638","Super League S6 EU Swiss B","Amazon",8866,214.27,217.99,NA,"sann0638",247.91,255.61,251.84,"Scotland","633 (321/132/180)",61.14,9999,"04 – EU Swiss"
"163","Fuel","Super League S6 EU Swiss B","Dwarf",28517,209.66,209.66,NA,"Fuel",242.4,242.4,242.4,"Lithuania","67 (39/15/13)",69.4,9999,"04 – EU Swiss"
"164","jd2rbnds","Super League S6 EU Swiss B","Chaos Chosen",32817,208.88,208.88,NA,"Rupert",231.11,236.6,236.6,"Poland","141 (64/40/37)",59.57,9999,"04 – EU Swiss"
"165","Undress_","Super League S6 EU Swiss B","Slann",29927,204.48,204.48,NA,"undress_",236.63,252.56,252.56,"On a deserted island","156 (83/40/33)",66.03,9999,"04 – EU Swiss"
"166","dementor42","Super League S6 EU Swiss B","Amazon",21143,203.78,209.88,NA,"dementor",247.35,264.09,264.09,"Wales","367 (143/79/145)",49.73,9999,"04 – EU Swiss"
"167","TalonBay","Super League S6 EU Swiss B","Underworld Denizens",6858,201.84,201.84,NA,"TalonBay",208.25,237.42,216.65,"Scotland","215 (107/39/69)",58.84,9999,"04 – EU Swiss"
"168","Dadde","Super League S6 EU Swiss B","Vampire",15027,198.21,198.21,NA,"dadde",226.35,229.92,229.92,"Italy","117 (52/25/40)",55.13,9999,"04 – EU Swiss"
"169","spoboyle","Super League S6 EU Swiss B","Amazon",22121,186.46,186.46,NA,"spob",211.27,220.68,220.68,"England","174 (71/42/61)",52.87,9999,"04 – EU Swiss"
"170","WoZoI","Super League S6 EU Swiss B","Dark Elf",30779,184.62,184.62,NA,"wozoi",182.93,225.7,225.7,"France","168 (59/45/64)",48.51,9999,"04 – EU Swiss"
"171","MontelGee","Super League S6 EU Swiss B","Orc",35493,179.22,179.22,NA,"montelleke",209.85,210.69,210.69,"Belgium","52 (28/13/11)",66.35,9999,"04 – EU Swiss"
"172","stikman","Super League S6 EU Swiss B","Dwarf",23806,177.77,177.77,NA,"Stikman",190.56,199.17,190.56,"Poland","170 (61/42/67)",48.24,9999,"04 – EU Swiss"
"173","palmtaiga","Super League S6 EU Swiss B","Vampire",27077,171.68,171.68,NA,"Palmtaiga",185.17,194.55,194.55,"Malta","223 (74/49/100)",44.17,9999,"04 – EU Swiss"
"174","brinu","Super League S6 EU Swiss B","Shambling Undead",30476,171.27,184.08,NA,"Brinu",191.41,221.68,221.68,"Malta","104 (43/26/35)",53.85,9999,"04 – EU Swiss"
"175","Oren","Super League S6 EU Swiss B","Shambling Undead",26068,170.2,191.75,NA,"Oren",218.4,240.97,240.15,"Poland","248 (105/58/85)",54.03,9999,"04 – EU Swiss"
"176","graysonstark","Super League S6 EU Swiss B","Necromantic Horror",33608,169.28,169.28,NA,"graysonstark",179.46,210.44,210.44,"Ukraine","119 (49/30/40)",53.78,9999,"04 – EU Swiss"
"177","Waschik","Super League S6 EU Swiss B","Chaos Dwarf",31728,160.54,176.2,NA,"Waschik",187.58,197.5,197.5,"Czech Republic","128 (53/27/48)",51.95,9999,"04 – EU Swiss"
"178","Zazu_87","Super League S6 EU Swiss B","Necromantic Horror",34604,159.83,159.83,NA,"Zazu",171.62,182.36,173.52,"Malta","147 (45/44/58)",45.58,9999,"04 – EU Swiss"
"179","Dakyrus","Super League S6 EU Swiss B","Necromantic Horror",25478,159.06,170.1,NA,"Dakyrus",190.96,205.55,205.55,"North Ireland","117 (52/30/35)",57.26,9999,"04 – EU Swiss"
"180","Ragrati","Super League S6 EU Swiss B","Vampire",36237,158.63,165.33,NA,"ragrati",178.03,182.01,182.01,"Belgium","51 (22/10/19)",52.94,9999,"04 – EU Swiss"
"181","elplanet4","Super League S6 EU Swiss B","Chaos Renegade",30428,156.18,214.95,NA,"elplanet4",241.52,288.01,252.81,"England","250 (145/63/42)",70.6,9999,"04 – EU Swiss"
"182","naytsyrhc","Super League S6 EU Swiss B","Vampire",27808,155.26,188.6,NA,"naytsyrhc",203.89,203.89,203.89,"Germany","106 (46/21/39)",53.3,9999,"04 – EU Swiss"
"183","il-Fieres","Super League S6 EU Swiss B","Chaos Dwarf",26579,152.79,156.53,NA,"Fieres",166.02,207.88,207.88,"Malta","223 (76/76/71)",51.12,9999,"04 – EU Swiss"
"184","kosmo","Super League S6 EU Swiss B","Shambling Undead",39313,151.55,186.04,NA,"Kosmo",205.29,205.29,205.29,"Switzerland","51 (19/15/17)",51.96,9999,"04 – EU Swiss"
"185","bamfuzi","Super League S6 EU Swiss B","Orc",29314,149.59,151.76,NA,"bamfuzi",127.42,144.29,133.48,"Austria","22 (4/4/14)",27.27,9999,"04 – EU Swiss"
"186","Ferra76","Super League S6 EU Swiss B","Skaven",20226,144.49,176.84,NA,"ferra",200.69,234.06,203.76,"Italy","443 (160/131/152)",50.9,9999,"04 – EU Swiss"
"187","elodius","Super League S6 EU Swiss B","Wood Elf",26080,141.31,165.37,NA,"elodius",153.1,175.74,158.97,"Belgium","75 (27/17/31)",47.33,9999,"04 – EU Swiss"
"188","Gallo","Super League S6 EU Swiss B","Chaos Chosen",20999,138.86,198.25,NA,"Gallo",236.04,252.63,252.63,"Italy","358 (133/110/115)",52.51,9999,"04 – EU Swiss"
"189","Elkantar","Super League S6 EU Swiss B","Orc",22316,123.27,169.11,NA,"Elkantar",166.41,193.84,193.84,"Germany","210 (70/44/96)",43.81,9999,"04 – EU Swiss"
"190","RobinFern","Super League S6 EU Swiss B","Chaos Renegade",37141,NA,NA,NA,NA,NA,NA,NA,NA,NA,NA,9999,"04 – EU Swiss"
"191","gumbi","Super League S6 EU Swiss B","Elven Union",9259,NA,192.45,NA,"gumbi",175.96,231.92,221.74,"Australia","188 (77/48/63)",53.72,9999,"04 – EU Swiss"
"192","aggborough","Super League S6 EU Swiss B","Imperial Nobility",NA,NA,NA,NA,NA,NA,NA,NA,NA,NA,NA,9999,"04 – EU Swiss"
"193","Baaalthazar","Super League S6 EU Swiss B","Vampire",NA,NA,NA,NA,NA,NA,NA,NA,NA,NA,NA,9999,"04 – EU Swiss"
"194","Pastigon","Super League S6 EU Swiss B","Skaven",40777,NA,NA,NA,NA,NA,NA,NA,NA,NA,NA,9999,"04 – EU Swiss"
"195","Hiliadan","Super League S6 EU Swiss B","Dark Elf",NA,NA,NA,NA,NA,NA,NA,NA,NA,NA,NA,9999,"04 – EU Swiss"
"196","Mournival","Super League S6 EU Swiss B","Human",23496,NA,209.83,NA,"Mournival",241.66,241.66,241.66,"Scotland","269 (114/73/82)",55.95,9999,"04 – EU Swiss"
"197","roxana","Super League S6 EU Swiss B","Shambling Undead",NA,NA,NA,NA,NA,NA,NA,NA,NA,NA,NA,9999,"04 – EU Swiss"
"198","Chicken23","Super League S6 EU Swiss B","Black Orc",NA,NA,NA,NA,NA,NA,NA,NA,NA,NA,NA,9999,"04 – EU Swiss"
"199","Jäärä","Super League S6 EU Swiss B","Norse",17371,NA,163.53,NA,"Jäärä",174.59,176.95,176.95,"Finland","86 (33/20/33)",50,9999,"04 – EU Swiss"
"200","mudarra93","Super League S6 EU Swiss B","Slann",NA,NA,NA,NA,NA,NA,NA,NA,NA,NA,NA,9999,"04 – EU Swiss"
"201","Grither","Super League S6 NA Swiss","Dwarf",10904,207.82,253.71,NA,"Grither",266.57,301.3,266.57,"United States of America","700 (471/121/108)",75.93,1000,"NA Swiss"
"202","g0nez0","Super League S6 NA Swiss","Wood Elf",37132,204.95,204.95,NA,"G0NEZ0",220.2,224.56,224.56,"Canada","65 (31/16/18)",60,1000,"NA Swiss"
"203","warpstone","Super League S6 NA Swiss","Skaven",13205,203.89,235.8,NA,"Warpstone",243.55,276.46,254.58,"Canada","152 (95/32/25)",73.03,1000,"NA Swiss"
"204","AmazingGaze","Super League S6 NA Swiss","Vampire",32634,201.08,201.08,NA,"AmazingGaze",234.6,236.26,236.26,"Germany","67 (33/18/16)",62.69,1000,"NA Swiss"
"205","JLeav","Super League S6 NA Swiss","Amazon",33751,197.6,222.56,NA,"jleav",278.56,290.73,290.73,"United States of America","183 (130/32/21)",79.78,1000,"NA Swiss"
"206","Laika123","Super League S6 NA Swiss","Amazon",33566,189.01,189.01,NA,"laika",211.05,223.69,220.51,"Canada","84 (45/19/20)",64.88,1000,"NA Swiss"
"207","Xtreme","Super League S6 NA Swiss","Dwarf",1315,187.5,187.5,NA,"Xtreme",210.55,224.69,224.69,"United States of America","516 (248/117/151)",59.4,1000,"NA Swiss"
"208","seanh1986","Super League S6 NA Swiss","Shambling Undead",23461,186.01,215.79,NA,"seanh1986",237.13,276.77,239.8,"Canada","345 (192/83/70)",67.68,1000,"NA Swiss"
"209","russcastronovo","Super League S6 NA Swiss","Amazon",18550,182.82,190.52,NA,"russcastronovo",223.28,253.55,249.87,"United States of America","202 (91/50/61)",57.43,1000,"NA Swiss"
"210","Xanzian","Super League S6 NA Swiss","Chaos Dwarf",6193,179.82,200.01,NA,"szrlm",211.87,225.34,225.34,"United States of America","478 (193/87/198)",49.48,1000,"NA Swiss"
"211","Bazakastine","Super League S6 NA Swiss","Vampire",29474,178.86,198.3,NA,"bazakastine",254.13,273.4,257.69,"United States of America","106 (71/20/15)",76.42,1000,"NA Swiss"
"212","Jogrenaught","Super League S6 NA Swiss","Khorne",22460,178.04,208.33,NA,"Jogrenaut",218.79,244.15,221.87,"United States of America","326 (172/77/77)",64.57,1000,"NA Swiss"
"213","DaCrusha","Super League S6 NA Swiss","Amazon",16105,173.52,173.52,NA,"DaCrusha",180,191.55,187.12,"United States of America","105 (40/24/41)",49.52,1000,"NA Swiss"
"214","Meerkul","Super League S6 NA Swiss","Orc",28335,173.05,208.5,NA,"Meerkul",197.77,234.98,232.84,"Canada","271 (123/70/78)",58.3,1000,"NA Swiss"
"215","Pauladin","Super League S6 NA Swiss","Vampire",24875,172.75,228.03,NA,"pauladin",211.85,236.45,223.11,"United States of America","179 (94/32/53)",61.45,1000,"NA Swiss"
"216","guitwiz","Super League S6 NA Swiss","Dwarf",33710,169.81,190.75,NA,"guitamasta",237,245.8,245.8,"Canada","131 (63/29/39)",59.16,1000,"NA Swiss"
"217","Grimfoe","Super League S6 NA Swiss","Vampire",24873,169.15,189.37,NA,"grimfoe",223.52,223.69,223.52,"United States of America","166 (86/39/41)",63.55,1000,"NA Swiss"
"218","TheRedoubt","Super League S6 NA Swiss","Nurgle",37895,169.01,169.01,NA,"theredoubt",182.84,191.55,191.55,"On a deserted island","24 (14/3/7)",64.58,1000,"NA Swiss"
"219","Midris","Super League S6 NA Swiss","Vampire",31166,155.14,174.68,NA,"midris",196.68,199.99,199.99,"United States of America","64 (35/10/19)",62.5,1000,"NA Swiss"
"220","DiscoJones","Super League S6 NA Swiss","Shambling Undead",37410,150.94,150.94,NA,"discojones",153.84,153.84,0,"On a deserted island","4 (2/0/2)",50,1000,"NA Swiss"
"221","paulc899","Super League S6 NA Swiss","Shambling Undead",6654,149.58,179.82,NA,"Paul",169.72,187.56,175.01,"Canada","72 (36/11/25)",57.64,1000,"NA Swiss"
"222","paperbag4","Super League S6 NA Swiss","Dwarf",17898,149.26,167.34,NA,"paperbag4",191.67,200.25,198.38,"United States of America","69 (31/8/30)",50.72,1000,"NA Swiss"
"223","Supernintendochalmer","Super League S6 NA Swiss","Dwarf",31366,147.41,151.56,NA,"supernintendochalmer",148.07,170.46,157.24,"Canada","118 (39/17/62)",40.25,1000,"NA Swiss"
"224","CoachBB","Super League S6 NA Swiss","High Elf",18958,142.18,166.37,NA,"coachbb",176.04,176.04,176.04,"United States of America","90 (39/13/38)",50.56,1000,"NA Swiss"
"225","Runbad","Super League S6 NA Swiss","Norse",33324,137.55,226.96,NA,"runbad",252.95,260.47,260.47,"Canada","204 (105/48/51)",63.24,1000,"NA Swiss"
"226","Chuk","Super League S6 NA Swiss","Elven Union",38058,NA,NA,NA,NA,NA,NA,NA,NA,NA,NA,1000,"NA Swiss"
"227","simplysutphin","Super League S6 NA Swiss","Slann",29783,NA,164.4,NA,"Sutphin",153.48,153.48,153.48,"United States of America","28 (9/4/15)",39.29,1000,"NA Swiss"
"228","trefenwyd","Super League S6 NA Swiss","Shambling Undead",NA,NA,NA,NA,NA,NA,NA,NA,NA,NA,NA,1000,"NA Swiss"
"229","HouseBlackfyre","Super League S6 NA Swiss","Elven Union",28534,NA,186.11,NA,"houseblackfyre",210.72,231.26,222.74,"United States of America","363 (176/88/99)",60.61,1000,"NA Swiss"
"230","ogjaylowe","Super League S6 NA Swiss","Vampire",NA,NA,NA,NA,NA,NA,NA,NA,NA,NA,NA,1000,"NA Swiss"
"231","Drakenspear","Super League S6 NA Swiss","Elven Union",28841,NA,223.33,NA,"Drakenspear",262.06,269.21,269.21,"Canada","251 (141/63/47)",68.73,1000,"NA Swiss"
"232","Dirtygit","Super League S6 NA Swiss","Elven Union",19152,NA,220.31,NA,"Bastich",218.27,262.16,226.14,"Canada","150 (87/36/27)",70,1000,"NA Swiss"
"233","happygrue","Super League S6 NA Swiss","Vampire",16876,NA,199.4,NA,"happygrue",210.36,211.43,210.36,"United States of America","21 (15/4/2)",80.95,1000,"NA Swiss"
"234","Thorven23","Super League S6 NA Swiss","Human",NA,NA,NA,NA,NA,NA,NA,NA,NA,NA,NA,1000,"NA Swiss"
